species,site,leaf_age,side,habitat,individual,herbivory_percentage_mean,mean_leaf_area,mean_total_herbivory,total_herbivory_standardized
ACA_ROB,F7,old,up,Forest,2,0.441125541,6.5504,3.50E-04,0.491573034
ACA_ROB,F7,old,up,Forest,1,0.271757826,7.506117647,1.76E-04,0.21629416
ACA_ROB,F7,old,up,Forest,3,0.441125541,7.3504,3.50E-04,0.491573034
ACA_ROB,S13,old,up,Savanna,1,3.517840184,8.131777778,0.003555556,4.022627278
ACA_ROB,S13,old,up,Savanna,2,0.483530405,5.7362,3.50E-04,0.561347233
ACA_ROB,S20,old,up,Savanna,1,0.379551503,12.7895082,0.005278689,3.797169811
ACA_ROB,S20,old,up,Savanna,2,0,15.31432,0,0
ACA_ROB,S21,old,up,Savanna,1,0.027657807,17.36883333,6.25E-05,0.033105275
ACA_ROB,S21,old,up,Savanna,2,0.057723033,11.73992157,2.16E-04,0.169022741
ACA_ROB,S52,old,up,Savanna,1,5.132371966,10.81066667,0.005652174,4.810064134
ACA_ROB,S52,old,up,Savanna,2,6.519871854,21.022,0.011152174,4.880601275
ACA_ROB,S52,old,up,Savanna,3,1.339299772,15.8585,0.008425,4.88759971
ACA_ROB,S53,old,up,Savanna,1,0.842569789,7.109090909,7.27E-04,0.941176471
ACA_ROB,S53,old,up,Savanna,2,1.508816984,5.0232,9.33E-04,1.709401709
ACA_ROB,S53,old,up,Savanna,3,1.021017069,6.81375,6.25E-04,0.843881857
ACA_ROB,T23,old,up,Thicket,1,1.72533469,7.607692308,0.001153846,1.395348837
ACA_ROB,T23,old,up,Thicket,2,0.230198462,5.227764706,1.18E-04,0.207039337
ACA_ROB,T23,old,up,Thicket,3,3.920211546,4.262666667,0.00175,3.776978417
ACA_ROB,T24,old,up,Thicket,1,1.845649263,5.7316,0.00125,2.006420546
ACA_ROB,T24,old,up,Thicket,2,1.316844155,6.4354,0.001,1.429592566
ACA_ROB,T24,old,up,Thicket,3,0.400232419,18.97776,8.40E-04,0.407213496
EUC_RAC,F3,old,low,Forest,2,0.38736189,13.64,0.0525,0.384897361
EUC_RAC,F3,old,low,Forest,3,5.182886085,16.60875,0.6955,4.187551742
EUC_RAC,F3,old,up,Forest,2,0.455312852,11.4486875,0.041125,0.359211482
EUC_RAC,F3,old,up,Forest,3,5.647862041,14.9856,0.759133333,5.065752011
EUC_RAC,F3,young,up,Forest,1,1.679589377,4.603425,0.034025,0.739123587
EUC_RAC,F7,old,low,Forest,1,6.582110794,3.7083125,0.1535,4.139349097
EUC_RAC,F7,old,low,Forest,2,0.878622367,3.847222222,0.020722222,0.538628159
EUC_RAC,F7,old,low,Forest,3,1.335303427,9.011142857,0.098714286,1.095469102
EUC_RAC,F7,old,up,Forest,1,3.667798924,4.7296,0.18315,3.872420501
EUC_RAC,F7,old,up,Forest,2,4.469510596,4.6635,0.0928125,1.990189772
EUC_RAC,F7,old,up,Forest,3,0.033697309,11.5972,0.0037,0.031904253
EUC_RAC,S1,old,low,Savanna,1,1.16143745,4.726642857,0.092142857,1.94943557
EUC_RAC,S1,old,up,Savanna,1,1.040000749,4.821923077,0.042846154,0.888569833
EUC_RAC,S1,young,up,Savanna,1,0.695963244,0.644666667,0.003333333,0.517063082
EUC_RAC,S13,old,low,Savanna,1,11.52170621,2.865111111,0.330555556,11.53726829
EUC_RAC,S13,old,low,Savanna,2,0.110798254,4.824142857,0.005428571,0.112529243
EUC_RAC,S13,old,up,Savanna,1,0.367077793,2.9535625,0.0104375,0.3533868
EUC_RAC,S13,old,up,Savanna,2,4.163811703,5.045266667,0.194733333,3.859723305
EUC_RAC,S13,young,up,Savanna,1,24.57859087,3.141,0.8002,25.47596307
EUC_RAC,S13,young,up,Savanna,2,0.219855438,5.3764,0.0116,0.215757756
EUC_RAC,S20,old,low,Savanna,1,0.976750766,3.176,0.030166667,0.949832074
EUC_RAC,S20,old,low,Savanna,2,5.795223134,4.130714286,0.236428571,5.723672834
EUC_RAC,S20,old,low,Savanna,3,0.88303212,4.833125,0.03725,0.770722876
EUC_RAC,S20,old,up,Savanna,1,0.444936446,5.084263158,0.023052632,0.453411455
EUC_RAC,S20,old,up,Savanna,2,0.553402055,4.61,0.026,0.563991323
EUC_RAC,S20,old,up,Savanna,3,0.406677055,3.97125,0.01695,0.426817753
EUC_RAC,S20,young,up,Savanna,1,0.126914917,2.327666667,0.002833333,0.121724187
EUC_RAC,S20,young,up,Savanna,2,0.094525686,3.5778,0.0032,0.089440438
EUC_RAC,S20,young,up,Savanna,3,3.434365454,2.7044,0.0926,3.424049697
EUC_RAC,S21,old,low,Savanna,1,3.70181925,3.5753,0.1376,3.848628087
EUC_RAC,S21,old,up,Savanna,1,1.802778161,3.628909091,0.047,1.295155068
EUC_RAC,S22,old,low,Savanna,1,5.821716781,3.595571429,0.188428571,5.240573722
EUC_RAC,S22,old,up,Savanna,1,2.068960982,3.9361875,0.08175,2.07688277
EUC_RAC,S22,young,up,Savanna,1,3.738752819,4.668363636,0.099636364,2.13428883
EUC_RAC,S27,old,low,Savanna,1,0.931577629,3.2925,0.0363,1.102505695
EUC_RAC,S27,old,up,Savanna,1,0.965458293,4.85352381,0.051571429,1.062556415
EUC_RAC,S30,old,low,Savanna,1,2.014854792,6.608,0.170222222,2.576002152
EUC_RAC,S30,old,low,Savanna,2,2.552923666,5.3234,0.1562,2.934214975
EUC_RAC,S30,old,low,Savanna,3,9.560366664,2.903125,0.19375,6.673842842
EUC_RAC,S30,old,up,Savanna,1,4.245142231,5.4945,0.255772727,4.655068291
EUC_RAC,S30,old,up,Savanna,2,0.807824958,5.1724375,0.0488125,0.943704008
EUC_RAC,S30,old,up,Savanna,3,0.161530438,3.061157895,0.004105263,0.134108181
EUC_RAC,S30,young,up,Savanna,2,6.761676455,4.8285,0.2805,5.809257533
EUC_RAC,S30,young,up,Savanna,3,0.095562286,4.57725,0.00425,0.092850511
EUC_RAC,S53,old,low,Savanna,1,0.456988152,5.3895,0.022833333,0.423663296
EUC_RAC,S53,old,low,Savanna,2,0.580636359,11.2496,0.0608,0.540463661
EUC_RAC,S53,old,low,Savanna,3,0.088547388,3.763333333,0.003333333,0.088573959
EUC_RAC,S53,old,up,Savanna,1,5.314104541,11.86088889,0.654666667,5.51954135
EUC_RAC,S53,old,up,Savanna,2,1.832882532,8.8540625,0.1666875,1.882610384
EUC_RAC,S53,old,up,Savanna,3,4.059696957,4.62915,0.1835,3.964010672
EUC_RAC,S53,young,up,Savanna,1,0.782408707,5.181615385,0.061615385,1.189115363
EUC_RAC,S53,young,up,Savanna,3,3.914504517,2.342,0.090666667,3.871335041
EUC_RAC,S58,old,low,Savanna,1,0.039502359,3.742333333,0.001444444,0.038597429
EUC_RAC,S58,old,low,Savanna,2,16.67740328,3.331,0.4,12.00840588
EUC_RAC,S58,old,low,Savanna,3,17.61037319,7.92125,0.91825,11.59223607
EUC_RAC,S58,old,up,Savanna,1,4.88511799,3.177391304,0.159913043,5.032840722
EUC_RAC,S58,old,up,Savanna,2,0.176623584,2.85905,0.00465,0.162641437
EUC_RAC,S58,old,up,Savanna,3,0.019240361,11.134625,0.002125,0.019084612
EUC_RAC,S58,young,up,Savanna,1,1.157548536,3.4985,0.0361,1.031870802
EUC_RAC,S58,young,up,Savanna,2,3.787527166,3.278,0.068375,2.085875534
EUC_RAC,S58,young,up,Savanna,3,4.312375257,9.790285714,0.398571429,4.071090877
EUC_RAC,S8,old,low,Savanna,1,18.32938623,3.038,0.390416667,12.85110819
EUC_RAC,S8,old,low,Savanna,2,1.97162402,5.886125,0.137,2.327507486
EUC_RAC,S8,old,low,Savanna,3,11.74314144,3.3903,0.2877,8.485974693
EUC_RAC,S8,old,up,Savanna,1,6.455283191,3.314933333,0.205933333,6.212291851
EUC_RAC,S8,old,up,Savanna,2,2.286785103,6.778769231,0.119846154,1.767963324
EUC_RAC,S8,old,up,Savanna,3,9.020757948,4.273222222,0.293388889,6.86575314
EUC_RAC,S8,young,up,Savanna,1,11.88467442,1.8077,0.1759,9.730596891
EUC_RAC,S8,young,up,Savanna,2,13.98774483,2.692857143,0.3465,12.86737401
EUC_RAC,S8,young,up,Savanna,3,10.29104476,1.3332,0.15915,11.93744374
EUC_RAC,T12,old,low,Thicket,1,0.094324424,7.5822,0.006,0.079132706
EUC_RAC,T12,old,low,Thicket,3,2.299926662,8.0432,0.1538,1.912174259
EUC_RAC,T12,old,up,Thicket,1,0.070458594,11.21263636,0.007909091,0.0705373
EUC_RAC,T12,old,up,Thicket,2,0.01897695,4.8615,8.64E-04,0.017764813
EUC_RAC,T12,old,up,Thicket,3,5.4308602,10.474,0.3425,3.270001909
EUC_RAC,T12,young,up,Thicket,1,14.84134008,2.9338,0.3684,12.55709319
EUC_RAC,T12,young,up,Thicket,2,0.039296329,4.209666667,0.001666667,0.039591417
EUC_RAC,T13,old,low,Thicket,1,4.840811719,8.004333333,0.326333333,4.076958314
EUC_RAC,T13,old,up,Thicket,1,11.54132977,7.549090909,0.779727273,10.32875723
EUC_RAC,T13,old,up,Thicket,2,9.983871151,6.074083333,0.583,9.5981561
EUC_RAC,T13,old,up,Thicket,3,13.10999769,8.563954545,0.534909091,6.246052429
EUC_RAC,T13,young,up,Thicket,2,7.389201471,5.444384615,0.360923077,6.629272221
EUC_RAC,T17,old,low,Thicket,1,0.413661138,4.8924,0.02,0.408797318
EUC_RAC,T17,old,low,Thicket,2,4.10054675,4.721785714,0.208142857,4.408138567
EUC_RAC,T17,old,low,Thicket,3,19.15366178,6.058666667,1.162666667,19.19014085
EUC_RAC,T17,old,up,Thicket,1,0.499273624,3.951066667,0.015733333,0.398204704
EUC_RAC,T17,old,up,Thicket,2,6.681314339,5.002789474,0.342,6.836186128
EUC_RAC,T17,old,up,Thicket,3,8.573620191,5.908363636,0.503181818,8.516432792
EUC_RAC,T17,young,up,Thicket,2,0,5.231,0,0
EUC_RAC,T22,old,low,Thicket,3,1.290204522,3.510888889,0.050555556,1.439964555
EUC_RAC,T22,old,up,Thicket,1,5.800163092,5.606033333,0.3085,5.502999744
EUC_RAC,T22,old,up,Thicket,2,9.987130022,9.389173913,0.919043478,9.788331612
EUC_RAC,T22,old,up,Thicket,3,2.084727997,4.770142857,0.110928571,2.325476925
EUC_RAC,T22,young,up,Thicket,3,5.079260202,4.429875,0.203875,4.602274331
EUC_RAC,T23,old,low,Thicket,1,0.832505446,3.076,0.025666667,0.834416992
EUC_RAC,T23,old,low,Thicket,2,0.060503446,5.8,0.0028,0.048275862
EUC_RAC,T23,old,low,Thicket,3,0.003736083,2.599444444,1.11E-04,0.004274418
EUC_RAC,T23,old,up,Thicket,1,0.422177183,3.15245,0.0146,0.46313185
EUC_RAC,T23,old,up,Thicket,2,0.432046751,5.37475,0.021464286,0.399354123
EUC_RAC,T23,old,up,Thicket,3,0.057854804,3.119147059,0.001823529,0.058462438
EUC_RAC,T23,young,up,Thicket,3,0.017182031,3.0445,5.00E-04,0.016423058
EUC_RAC,T24,old,low,Thicket,1,2.310824264,6.8562,0.1738,2.534931886
EUC_RAC,T24,old,low,Thicket,2,0.615413071,5.947666667,0.013888889,0.23351828
EUC_RAC,T24,old,low,Thicket,3,0.114794088,3.694,0.002666667,0.072189136
EUC_RAC,T24,old,up,Thicket,1,0.587577407,4.450533333,0.0283,0.635878846
EUC_RAC,T24,old,up,Thicket,2,0.186658529,7.204512821,0.012820513,0.177951142
EUC_RAC,T24,old,up,Thicket,3,2.02422942,4.723689655,0.105206897,2.227218641
EUC_RAC,T24,young,up,Thicket,2,0.036215885,6.804,0.002714286,0.0398925
EUC_RAC,T24,young,up,Thicket,3,0.933466001,4.28,0.049,1.144859813
EUC_RAC,T9,old,low,Thicket,2,4.803976207,5.9715,0.26325,4.40844009
EUC_RAC,T9,old,up,Thicket,1,3.144802337,6.838583333,0.168291667,2.460914176
EUC_RAC,T9,old,up,Thicket,2,3.786952039,7.500111111,0.242833333,3.237729811
GYM_HAR,F2,old,low,Forest,1,3.173609773,8.654,0.239166667,2.763654572
GYM_HAR,F2,old,up,Forest,1,1.424747604,9.079909091,0.109181818,1.202454971
GYM_HAR,F2,young,up,Forest,1,0.071801138,2.3372,0.0019,0.081293856
GYM_HAR,F3,old,low,Forest,1,3.093765604,7.7206,0.2836,3.673289641
GYM_HAR,F3,old,low,Forest,2,1.119341773,6.3582,0.0652,1.025447454
GYM_HAR,F3,old,up,Forest,1,3.515223004,7.740083333,0.263166667,3.400049526
GYM_HAR,F3,old,up,Forest,2,8.904577735,8.306565217,0.722608696,8.699247845
GYM_HAR,F3,young,up,Forest,1,19.9385057,4.097411765,0.817176471,19.94372344
GYM_HAR,F4,old,low,Forest,1,1.849947449,4.276272727,0.104,2.43202449
GYM_HAR,F4,old,low,Forest,2,9.745619335,8.7274,0.7268,8.32779522
GYM_HAR,F4,old,up,Forest,1,2.123500924,4.902181818,0.083545455,1.704250427
GYM_HAR,F4,old,up,Forest,2,8.56253842,14.672875,1.251625,8.530196025
GYM_HAR,F4,young,up,Forest,1,4.87939726,1.0835,0.04825,4.453161052
GYM_HAR,F5,old,low,Forest,1,10.39018409,10.7707,1.0222,9.490562359
GYM_HAR,F5,old,low,Forest,2,10.92005599,8.084846154,0.943384615,11.6685537
GYM_HAR,F5,old,low,Forest,3,10.45572239,9.4943,1.5208,16.01803187
GYM_HAR,F5,old,up,Forest,1,15.75898225,13.6067,2.3439,17.22607245
GYM_HAR,F5,old,up,Forest,2,15.91647978,9.494,1.132454545,11.9281077
GYM_HAR,F5,old,up,Forest,3,10.27375036,9.471454545,1.386,14.63344403
GYM_HAR,F6,old,low,Forest,1,5.28025451,12.08,0.6068,5.023178808
GYM_HAR,F6,old,low,Forest,2,5.724680674,11.887,0.657666667,5.532654721
GYM_HAR,F6,old,up,Forest,1,11.48751194,7.497866667,0.898533333,11.98385318
GYM_HAR,F6,old,up,Forest,2,5.841293463,11.4076,0.5813,5.095725657
GYM_HAR,F6,young,up,Forest,1,5.434114603,3.0584,0.1628,5.323044729
GYM_HAR,F6,young,up,Forest,2,34.18469811,7.221285714,3.659285714,50.67360383
GYM_HAR,F7,old,low,Forest,1,15.52836595,4.187230769,0.515230769,12.30480949
GYM_HAR,F7,old,low,Forest,2,16.32656141,3.818769231,0.648153846,16.97284667
GYM_HAR,F7,old,low,Forest,3,3.389310519,2.663583333,0.080583333,3.025373088
GYM_HAR,F7,old,up,Forest,1,14.79632963,2.79932,0.4154,14.83931812
GYM_HAR,F7,old,up,Forest,2,10.73502715,3.36875,0.3419375,10.15027829
GYM_HAR,F7,old,up,Forest,3,1.141835837,2.406956522,0.024869565,1.033236994
GYM_HAR,F7,young,up,Forest,1,4.470586053,0.870833333,0.070666667,8.114832536
GYM_HAR,F7,young,up,Forest,2,4.256329545,0.830666667,0.046666667,5.617977528
GYM_HAR,F7,young,up,Forest,3,1.009223863,1.028,0.005714286,0.555864369
GYM_HAR,S20,old,low,Savanna,1,0.268527717,1.739,0.006428571,0.369670582
GYM_HAR,S20,old,up,Savanna,1,5.055177345,3.9396875,0.209,5.304989292
GYM_HAR,S20,young,up,Savanna,1,6.068067524,1.837230769,0.153923077,8.377993636
GYM_HAR,S30,old,up,Savanna,1,5.018482089,3.154588235,0.135235294,4.286939658
GYM_HAR,S30,old,up,Savanna,2,3.004036503,1.344742857,0.048114286,3.577954362
GYM_HAR,S30,old,up,Savanna,3,33.73017908,3.567642857,1.352928571,37.92219753
GYM_HAR,S30,young,up,Savanna,3,0.247533953,1.723133333,0.004533333,0.263086625
GYM_HAR,S52,old,low,Savanna,1,0,2.834333333,0,0
GYM_HAR,S52,old,low,Savanna,2,0.699754026,1.671727273,0.015363636,0.91902768
GYM_HAR,S52,old,up,Savanna,1,2.155801509,2.634375,0.088625,3.364175563
GYM_HAR,S52,old,up,Savanna,2,3.412928796,2.4385,0.0772,3.165880664
GYM_HAR,S52,young,up,Savanna,1,3.197553925,4.0012,0.1067,2.66669999
GYM_HAR,S52,young,up,Savanna,2,32.79182142,1.857,0.592,31.87937534
GYM_HAR,S53,old,low,Savanna,1,0.082888808,1.3645,0.001,0.073286918
GYM_HAR,S53,old,low,Savanna,3,5.105180671,2.52875,0.106125,4.196737519
GYM_HAR,S53,old,up,Savanna,1,1.853834187,2.454235294,0.050882353,2.073246728
GYM_HAR,S53,old,up,Savanna,2,1.090062162,2.518837838,0.028513514,1.132010687
GYM_HAR,S53,old,up,Savanna,3,3.221927622,2.96992,0.0826,2.781219696
GYM_HAR,S53,young,up,Savanna,1,0.290007169,2.045454545,0.003727273,0.182222222
GYM_HAR,S53,young,up,Savanna,3,1.766469597,2.8922,0.0476,1.645805961
GYM_HAR,S58,old,low,Savanna,1,1.59004784,1.6,0.022333333,1.395833333
GYM_HAR,S58,old,low,Savanna,2,12.48375757,2.334833333,0.314666667,13.47705047
GYM_HAR,S58,old,up,Savanna,1,2.01443566,2.450727273,0.053181818,2.170042288
GYM_HAR,S58,old,up,Savanna,2,3.511160387,2.01692,0.0674,3.341728973
GYM_HAR,S58,young,up,Savanna,1,6.714356089,2.082625,0.0539375,2.589880559
GYM_HAR,S58,young,up,Savanna,2,3.059122848,1.5285,0.0532,3.480536474
GYM_HAR,T12,old,low,Thicket,1,7.70775537,2.3147,0.1785,7.711582494
GYM_HAR,T12,old,low,Thicket,2,3.269623017,4.461375,0.18275,4.096270769
GYM_HAR,T12,old,low,Thicket,3,5.135000133,4.156142857,0.181428571,4.365311243
GYM_HAR,T12,old,up,Thicket,1,2.124245968,3.923,0.079217391,2.019306431
GYM_HAR,T12,old,up,Thicket,2,2.583543556,4.144470588,0.154941176,3.738503463
GYM_HAR,T12,old,up,Thicket,3,1.464023747,3.5885,0.04175,1.163438763
GYM_HAR,T12,young,up,Thicket,1,3.877939231,2.705615385,0.101538462,3.752878628
GYM_HAR,T12,young,up,Thicket,2,4.082805393,2.062791667,0.128708333,6.239521684
GYM_HAR,T12,young,up,Thicket,3,4.611871457,3.979923077,0.191076923,4.801020507
GYM_HAR,T13,old,up,Thicket,1,14.56020628,4.558634146,0.487414634,10.69212002
GYM_HAR,T13,old,up,Thicket,2,7.60182862,3,0.225627907,7.520930233
GYM_HAR,T13,old,up,Thicket,3,14.32407575,3.366465116,0.419,12.44628967
GYM_HAR,T17,old,low,Thicket,1,3.143295771,5.030470588,0.173058824,3.440211417
GYM_HAR,T17,old,low,Thicket,2,14.03556805,4.550136364,0.611863636,13.44714944
GYM_HAR,T17,old,up,Thicket,1,0.776954143,6.166,0.059777778,0.969474177
GYM_HAR,T17,old,up,Thicket,2,6.325785404,4.607307692,0.288153846,6.25427832
GYM_HAR,T17,young,up,Thicket,1,4.116327591,2.417333333,0.048,1.985659129
GYM_HAR,T22,old,low,Thicket,1,11.96414067,4.481666667,0.473444444,10.56402628
GYM_HAR,T22,old,low,Thicket,2,15.26709384,3.929090909,0.621909091,15.82832022
GYM_HAR,T22,old,low,Thicket,3,2.344007453,1.161,0.023,1.981050818
GYM_HAR,T22,old,up,Thicket,1,13.1260892,3.609142857,0.422904762,11.71759552
GYM_HAR,T22,old,up,Thicket,2,13.48077505,3.676454545,0.540636364,14.70537326
GYM_HAR,T22,old,up,Thicket,3,11.12244597,1.1159,0.1502,13.45998745
GYM_HAR,T22,young,up,Thicket,2,0.644526802,6.0520625,0.03625,0.59896936
GYM_HAR,T22,young,up,Thicket,3,0.659643048,3.678363636,0.026666667,0.724960045
GYM_HAR,T23,old,low,Thicket,1,5.040163074,0.825166667,0.037833333,4.584932337
GYM_HAR,T23,old,low,Thicket,2,1.281492858,2.932545455,0.033727273,1.1501023
GYM_HAR,T23,old,low,Thicket,3,0.6948035,2.6025,0.019125,0.734870317
GYM_HAR,T23,old,up,Thicket,1,1.906168187,1.686985075,0.026164179,1.550943129
GYM_HAR,T23,old,up,Thicket,2,1.128486319,3.75004,0.03684,0.982389521
GYM_HAR,T23,old,up,Thicket,3,3.916182379,4.61844,0.2188,4.737530422
GYM_HAR,T23,young,up,Thicket,2,1.477239804,1.884571429,0.050857143,2.698605215
GYM_HAR,T23,young,up,Thicket,3,0.037031425,2.055857143,7.14E-04,0.034743937
GYM_HAR,T24,old,low,Thicket,1,1.800138342,4.341666667,0.072416667,1.667946257
GYM_HAR,T24,old,low,Thicket,2,24.2979158,4.009333333,0.961,23.96907216
GYM_HAR,T24,old,low,Thicket,3,18.70636851,2.7045,0.4965,18.35829174
GYM_HAR,T24,old,up,Thicket,1,7.587101216,3.23025,0.292555556,9.056746554
GYM_HAR,T24,old,up,Thicket,2,16.28764945,4.408516129,0.764870968,17.34985073
GYM_HAR,T24,old,up,Thicket,3,8.3371379,3.385947368,0.250894737,7.409882953
GYM_HAR,T24,young,up,Thicket,2,4.124943033,3.167333333,0.145555556,4.595523749
GYM_HAR,T24,young,up,Thicket,3,2.437296484,2.22825,0.03725,1.671715472
KRA_FLO,F1,old,low,Forest,2,8.565134261,15.56,1.9635,12.6188946
KRA_FLO,F1,old,up,Forest,1,0.110477942,23.09975,0.02875,0.124460221
KRA_FLO,F1,old,up,Forest,2,2.419847511,14.22177778,0.446888889,3.142285696
KRA_FLO,F1,young,up,Forest,1,1.480415803,12.6825,0.08875,0.699783166
KRA_FLO,F1,young,up,Forest,2,2.002557057,10.92125,0.23025,2.108275152
KRA_FLO,F2,old,low,Forest,1,3.487893692,18.25057143,0.693571429,3.800272399
KRA_FLO,F2,old,low,Forest,2,13.58727771,11.1034,0.7238,6.518723994
KRA_FLO,F2,old,up,Forest,1,8.968234256,20.54842857,1.750571429,8.519247214
KRA_FLO,F2,old,up,Forest,2,2.343665863,15.936,0.3054,1.916415663
KRA_FLO,F2,young,up,Forest,1,6.812752074,10.53888889,0.553111111,5.248286769
KRA_FLO,F2,young,up,Forest,2,19.57102443,7.718625,0.824875,10.68681274
KRA_FLO,F7,old,low,Forest,1,18.98639047,9.791,2.331,23.80757839
KRA_FLO,F7,old,up,Forest,1,17.03890361,13.17145455,2.564363636,19.46909984
KRA_FLO,F7,young,up,Forest,1,5.257752169,2.96625,0.115,3.87694901
KRA_FLO,S10,old,low,Savanna,1,3.291184241,21.529,0.76,3.530122161
KRA_FLO,S10,old,low,Savanna,2,32.75608824,14.235,4.354,30.58658237
KRA_FLO,S10,old,low,Savanna,3,13.93965057,10.16566667,1.561666667,15.36216677
KRA_FLO,S10,old,up,Savanna,1,35.65830599,24.82033333,9.006333333,36.28610951
KRA_FLO,S10,old,up,Savanna,2,23.33698419,10.57790909,2.377181818,22.47307854
KRA_FLO,S10,old,up,Savanna,3,11.70515173,12.292375,1.31525,10.69972239
KRA_FLO,S10,young,up,Savanna,1,22.69876974,8.641833333,1.134666667,13.12992999
KRA_FLO,S10,young,up,Savanna,2,20.74435634,5.958666667,1.199666667,20.1331394
KRA_FLO,S10,young,up,Savanna,3,13.63316477,4.813333333,0.735444444,15.27931671
KRA_FLO,S13,old,low,Savanna,1,0.60957689,17.562,0.0905,0.515317162
KRA_FLO,S13,old,low,Savanna,2,13.18102475,12.68,1.3644,10.76025237
KRA_FLO,S13,old,low,Savanna,3,0.399658932,12.8576,0.0444,0.345321055
KRA_FLO,S13,old,up,Savanna,1,0.686936753,17.4977,0.1128,0.644656155
KRA_FLO,S13,old,up,Savanna,2,2.041796622,12.1911,0.2591,2.125320931
KRA_FLO,S13,old,up,Savanna,3,0.234149757,13.1141,0.0257,0.195972274
KRA_FLO,S13,young,up,Savanna,1,1.500896665,9.6408,0.1043,1.081860427
KRA_FLO,S13,young,up,Savanna,2,0.849687934,10.6223,0.088,0.828445817
KRA_FLO,S13,young,up,Savanna,3,0.697246263,7.5113,0.0516,0.686964973
KRA_FLO,S22,old,low,Savanna,1,1.673393566,12.2725,0.236,1.922998574
KRA_FLO,S22,old,low,Savanna,2,0.814730229,10.76883333,0.051833333,0.481327287
KRA_FLO,S22,old,low,Savanna,3,1.321089147,17.8394,0.2288,1.282554346
KRA_FLO,S22,old,up,Savanna,1,7.040193912,13.12472727,0.933090909,7.109411797
KRA_FLO,S22,old,up,Savanna,2,5.86017062,7.707769231,0.298,3.86622888
KRA_FLO,S22,old,up,Savanna,3,0.911104514,9.937272727,0.123545455,1.243253133
KRA_FLO,S22,young,up,Savanna,1,12.87353883,3.649285714,0.475,13.01624584
KRA_FLO,S22,young,up,Savanna,2,4.615052231,2.047692308,0.123923077,6.051840721
KRA_FLO,S22,young,up,Savanna,3,0.735288024,6.166571429,0.038428571,0.623175648
KRA_FLO,S25,old,low,Savanna,1,6.56721918,11.7242,0.9282,7.916958087
KRA_FLO,S25,old,up,Savanna,1,5.756626292,9.656,0.487846154,5.052259257
KRA_FLO,S25,young,up,Savanna,1,24.50845686,3.308875,0.847375,25.60915719
KRA_FLO,S27,old,low,Savanna,1,0.473637224,16.34066667,0.096666667,0.591571131
KRA_FLO,S27,old,up,Savanna,1,0.671418083,22.08633333,0.1425,0.64519537
KRA_FLO,S27,young,up,Savanna,1,0.212831833,9.654833333,0.0225,0.233043899
KRA_FLO,S30,old,low,Savanna,1,2.829716288,8.263,0.2165,2.62011376
KRA_FLO,S30,old,up,Savanna,1,5.533428774,6.923428571,0.460428571,6.650297128
KRA_FLO,S30,young,up,Savanna,1,2.53554871,5.211416667,0.13775,2.643235205
KRA_FLO,S8,old,low,Savanna,1,2.373660416,15.2186,0.3398,2.232794081
KRA_FLO,S8,old,up,Savanna,1,5.730594557,13.943,0.7482,5.366133544
KRA_FLO,S8,young,up,Savanna,1,0.796334277,5.686875,0.04325,0.760523134
KRA_FLO,T12,old,low,Thicket,1,0.167250709,12.7566,0.0122,0.095636768
KRA_FLO,T12,old,up,Thicket,1,4.909344517,11.2525,0.512142857,4.551369537
KRA_FLO,T22,old,low,Thicket,1,0.49075835,7.243,0.0302,0.416954301
KRA_FLO,T22,old,low,Thicket,2,8.212448878,8.6892,0.6855,7.889103715
KRA_FLO,T22,old,low,Thicket,3,12.08981692,13.866,1.5348,11.06880138
KRA_FLO,T22,old,up,Thicket,1,0.461201269,13.09645455,0.040090909,0.306120324
KRA_FLO,T22,old,up,Thicket,2,19.6502125,13.4162,2.306,17.18817549
KRA_FLO,T22,old,up,Thicket,3,1.08039291,15.50688889,0.149333333,0.963012855
KRA_FLO,T22,young,up,Thicket,1,0.063651275,3.8536,0.0016,0.041519618
KRA_FLO,T22,young,up,Thicket,2,18.6705845,7.39575,1.254625,16.96413481
KRA_FLO,T22,young,up,Thicket,3,2.338411453,12.835,0.260333333,2.028308012
KRA_FLO,T23,old,low,Thicket,1,3.218077081,13.0705,0.39375,3.012509085
KRA_FLO,T23,old,low,Thicket,2,4.723125903,12.72875,0.86175,6.770107041
KRA_FLO,T23,old,low,Thicket,3,4.534508411,7.770857143,0.354428571,4.560997132
KRA_FLO,T23,old,up,Thicket,1,0.424523202,16.83,0.0777,0.461675579
KRA_FLO,T23,old,up,Thicket,2,2.482791149,16.5628,0.3933,2.374598498
KRA_FLO,T23,old,up,Thicket,3,1.772919898,14.30338462,0.281461538,1.967796756
KRA_FLO,T23,young,up,Thicket,1,1.873271485,14.0395,0.19475,1.387157662
KRA_FLO,T23,young,up,Thicket,2,2.163299039,12.14133333,0.228333333,1.880628157
KRA_FLO,T23,young,up,Thicket,3,0.165760514,8.149,0.013,0.159528777
KRA_FLO,T24,old,low,Thicket,2,0.008691118,4.9885,5.00E-04,0.010023053
KRA_FLO,T24,old,low,Thicket,3,0.026283435,13.3122,0.0032,0.0240381
KRA_FLO,T24,old,up,Thicket,1,20.35399217,12.90381818,2.616272727,20.27518282
KRA_FLO,T24,old,up,Thicket,2,1.27793062,13.0718,0.2375,1.816888263
KRA_FLO,T24,old,up,Thicket,3,0.679504999,15.6018,0.1136,0.728121114
KRA_FLO,T24,young,up,Thicket,1,5.135392721,11.00011111,0.466777778,4.243391481
KRA_FLO,T24,young,up,Thicket,2,0.248795998,10.221,0.035181818,0.344211116
KRA_FLO,T24,young,up,Thicket,3,2.655694566,12.0515,0.304666667,2.528039387
SCU_MYR,F3,old,low,Forest,1,5.101545167,2.961555556,0.133444444,4.505890298
SCU_MYR,F3,old,low,Forest,2,0.043500291,2.62475,0.001125,0.042861225
SCU_MYR,F3,old,low,Forest,3,0.73635287,4.0215,0.027333333,0.679680053
SCU_MYR,F3,old,up,Forest,1,3.063590244,2.454571429,0.081755102,3.330728171
SCU_MYR,F3,old,up,Forest,2,1.883189799,3.279022222,0.053577778,1.633955922
SCU_MYR,F3,old,up,Forest,3,1.621331232,3.47853125,0.06040625,1.736544698
SCU_MYR,F3,young,up,Forest,1,0.337699224,1.419722222,0.003666667,0.258266484
SCU_MYR,F3,young,up,Forest,2,0.329751356,2.764363636,0.008636364,0.312417785
SCU_MYR,F3,young,up,Forest,3,1.607705036,1.94236,0.04868,2.506229535
SCU_MYR,F5,old,low,Forest,1,1.985746691,5.297666667,0.0946,1.785691814
SCU_MYR,F5,old,low,Forest,2,4.458521355,7.295307692,0.308923077,4.23454486
SCU_MYR,F5,old,low,Forest,3,3.589309131,7.864777778,0.275,3.496602292
SCU_MYR,F5,old,up,Forest,1,4.529758286,5.431235294,0.264235294,4.865104894
SCU_MYR,F5,old,up,Forest,2,2.448833654,7.205833333,0.1435,1.991442119
SCU_MYR,F5,old,up,Forest,3,5.695690231,8.528,0.371083333,4.351352408
SCU_MYR,F7,old,low,Forest,1,8.36522483,6.352428571,0.525785714,8.276924461
SCU_MYR,F7,old,low,Forest,2,6.229409629,6.481,0.432833333,6.678496117
SCU_MYR,F7,old,low,Forest,3,12.5347773,6.046,0.760444444,12.57764546
SCU_MYR,F7,old,up,Forest,1,11.09236281,3.781315789,0.349631579,9.246294105
SCU_MYR,F7,old,up,Forest,2,4.842022902,5.690714286,0.293071429,5.149993724
SCU_MYR,F7,old,up,Forest,3,11.014127,5.8631875,0.5375,9.167368432
SCU_MYR,F7,young,up,Forest,1,4.192267387,1.3911,0.0375,2.695708432
SCU_MYR,F7,young,up,Forest,2,19.2686717,2.3694,0.4578,19.32134718
SCU_MYR,F7,young,up,Forest,3,3.578880555,2.482111111,0.131555556,5.300147724
SCU_MYR,S20,old,low,Savanna,1,1.183654389,3.52,0.037375,1.061789773
SCU_MYR,S20,old,low,Savanna,2,11.17865688,3.697444444,0.513,13.87444782
SCU_MYR,S20,old,low,Savanna,3,3.09097087,3.302444444,0.083444444,2.526747864
SCU_MYR,S20,old,up,Savanna,1,26.03482945,4.430181818,1.148863636,25.93265206
SCU_MYR,S20,old,up,Savanna,2,11.24878367,6.9284375,0.7651875,11.04415678
SCU_MYR,S20,old,up,Savanna,3,7.108189887,5.113444444,0.376888889,7.370548228
SCU_MYR,S20,young,up,Savanna,1,0.388002843,4.053,0.013666667,0.337198783
SCU_MYR,S20,young,up,Savanna,2,6.343958221,1.915333333,0.192166667,10.03306648
SCU_MYR,S20,young,up,Savanna,3,0.250356488,1.761,0.0045,0.255536627
SCU_MYR,S22,old,low,Savanna,1,25.83954767,3.856357143,0.868071429,22.51014095
SCU_MYR,S22,old,low,Savanna,2,17.01927847,5.620785714,1.016285714,18.08084787
SCU_MYR,S22,old,up,Savanna,1,13.42618814,5.838153846,0.662230769,11.34315379
SCU_MYR,S22,old,up,Savanna,2,10.21927956,5.079875,0.5305625,10.4444007
SCU_MYR,S22,young,up,Savanna,1,15.12887149,1.558642857,0.202285714,12.97832363
SCU_MYR,S22,young,up,Savanna,2,13.67934269,2.1782,0.2438,11.19272794
SCU_MYR,S27,old,low,Savanna,1,2.709571333,5.017125,0.12575,2.506415527
SCU_MYR,S27,old,low,Savanna,2,11.41387973,2.574857143,0.276285714,10.73013759
SCU_MYR,S27,old,low,Savanna,3,0.733999535,11.7405,0.0795,0.677143222
SCU_MYR,S27,old,up,Savanna,1,2.886518251,5.324733333,0.137866667,2.589175045
SCU_MYR,S27,old,up,Savanna,2,6.527576418,3.0312,0.14776,4.874637107
SCU_MYR,S27,old,up,Savanna,3,11.33326938,6.227764706,0.700058824,11.24093245
SCU_MYR,S27,young,up,Savanna,1,4.57703996,8.3915,1.1395,13.57921706
SCU_MYR,S27,young,up,Savanna,2,9.024889856,2.291666667,0.207333333,9.047272727
SCU_MYR,S27,young,up,Savanna,3,1.489461018,2.7675,0.038,1.373080397
SCU_MYR,S30,old,low,Savanna,1,11.75360886,3.533714286,0.370142857,10.4746119
SCU_MYR,S30,old,low,Savanna,2,21.19409342,3.634142857,0.943428571,25.96013994
SCU_MYR,S30,old,low,Savanna,3,3.493004033,7.187833333,0.232666667,3.23695133
SCU_MYR,S30,old,up,Savanna,1,6.566869992,4.921545455,0.276636364,5.620924691
SCU_MYR,S30,old,up,Savanna,2,7.56123147,5.595125,0.424833333,7.592919431
SCU_MYR,S30,old,up,Savanna,3,4.70918364,6.193764706,0.282235294,4.556764868
SCU_MYR,S30,young,up,Savanna,1,12.96023438,2.60475,0.32875,12.62117286
SCU_MYR,S30,young,up,Savanna,3,1.264564097,2.802666667,0.031,1.106089439
SCU_MYR,T23,old,low,Thicket,1,2.259366603,3.953166667,0.090333333,2.285087904
SCU_MYR,T23,old,low,Thicket,2,0.248830463,4.9365,0.0175,0.354502178
SCU_MYR,T23,old,low,Thicket,3,0.456034743,3.0152,0.0164,0.543910852
SCU_MYR,T23,old,up,Thicket,1,2.828416099,3.005177778,0.076111111,2.532665843
SCU_MYR,T23,old,up,Thicket,2,1.808268994,10.85563636,0.167181818,1.540046227
SCU_MYR,T23,old,up,Thicket,3,4.549685492,3.535108696,0.146413043,4.141684346
SCU_MYR,T23,young,up,Thicket,2,4.762823344,4.146473684,0.133894737,3.229123034
SCU_MYR,T23,young,up,Thicket,3,1.643217385,2.163125,0.030875,1.427333141
SCU_MYR,T24,old,low,Thicket,1,14.13289193,7.039333333,1.129333333,16.04318591
SCU_MYR,T24,old,low,Thicket,3,1.09754666,2.707285714,0.026714286,0.986755316
SCU_MYR,T24,old,up,Thicket,1,10.98057546,8.472,1.032444444,12.18654916
SCU_MYR,T24,old,up,Thicket,2,2.094325503,3.764240741,0.084092593,2.233985507
SCU_MYR,T24,old,up,Thicket,3,0.139566242,5.803230769,0.004,0.068927123
SCU_MYR,T24,young,up,Thicket,1,5.802119108,2.638513514,0.123621622,4.685275288
SCU_MYR,T24,young,up,Thicket,3,0.241916722,3.745363636,0.007181818,0.191752227
SID_INE,F7,old,low,Forest,1,0.042305607,7.973,0.004888889,0.06131806
SID_INE,F7,old,low,Forest,2,24.83582066,13.514875,2.591,19.17146847
SID_INE,F7,old,up,Forest,1,27.75640225,15.375,4.777,31.0699187
SID_INE,F7,old,up,Forest,2,17.94924141,13.80618182,1.161727273,8.414544209
SID_INE,F7,young,up,Forest,1,0.022497188,4.445,0.001,0.022497188
SID_INE,S13,old,low,Savanna,1,2.914149058,12.6546,0.403,3.18461271
SID_INE,S13,old,low,Savanna,2,0.450558585,10.4848,0.0362,0.345261712
SID_INE,S13,old,low,Savanna,3,17.82509976,14.7246,1.5738,10.68823601
SID_INE,S13,old,up,Savanna,1,7.687610755,21.86125,1.6041,7.337640803
SID_INE,S13,old,up,Savanna,2,0.850824578,14.3851,0.1264,0.878686975
SID_INE,S13,old,up,Savanna,3,5.275489522,15.4509,0.8198,5.305839789
SID_INE,S13,young,up,Savanna,2,3.251886404,10.9743,0.5551,5.058181387
SID_INE,S20,old,low,Savanna,1,10.27983878,12.8255,1.39975,10.91380453
SID_INE,S20,old,low,Savanna,2,0.009565716,10.454,0.001,0.009565716
SID_INE,S20,old,up,Savanna,1,6.465411458,15.07711111,0.880333333,5.838872758
SID_INE,S20,old,up,Savanna,2,5.566644851,12.43144444,0.659222222,5.302861024
SID_INE,S20,young,up,Savanna,1,0.172747602,14.52266667,0.026333333,0.181325744
SID_INE,S20,young,up,Savanna,2,0.164824727,14.0955,0.025,0.177361569
SID_INE,S30,old,low,Savanna,1,14.77101173,14.972,2.5745,17.19543147
SID_INE,S30,old,low,Savanna,2,6.509235728,13.55983333,0.949833333,7.004756696
SID_INE,S30,old,up,Savanna,1,1.998361376,20.5606,0.386266667,1.878674098
SID_INE,S30,old,up,Savanna,2,19.29330503,11.69016667,2.061833333,17.63733052
SID_INE,S53,old,low,Savanna,1,0.912860797,4.48275,0.051375,1.146059896
SID_INE,S53,old,up,Savanna,1,1.099206134,10.334,0.0785,0.759628411
SID_INE,S53,young,up,Savanna,1,0.096023942,6.096125,0.00575,0.094322213
SID_INE,T13,old,up,Thicket,1,17.7698392,10.89269565,2.002304348,18.38208293
SID_INE,T13,old,up,Thicket,2,32.34816674,21.38938462,7.274384615,34.00932166
SID_INE,T13,old,up,Thicket,3,10.03184307,14.49582353,1.365294118,9.418534345
SID_INE,T23,old,low,Thicket,1,16.59365143,7.257,1.10925,15.28524184
SID_INE,T23,old,low,Thicket,2,0.078802916,16.27,0.013,0.079901659
SID_INE,T23,old,low,Thicket,3,0.011985482,10.40175,0.00125,0.012017209
SID_INE,T23,old,up,Thicket,1,20.68196106,8.779764706,2.173647059,24.75746369
SID_INE,T23,old,up,Thicket,2,2.695136964,13.388625,0.23975,1.790699194
SID_INE,T23,old,up,Thicket,3,0.038248537,12.03535714,0.004642857,0.038576812
SID_INE,T23,young,up,Thicket,1,0,9.342,0,0
SID_INE,T23,young,up,Thicket,2,12.09985033,15.646,1.53975,9.841173463
SID_INE,T23,young,up,Thicket,3,35.01244631,7.241,1.9138,26.4300511
SID_INE,T24,old,low,Thicket,1,0.013273876,11.429,0.0015,0.013124508
SID_INE,T24,old,low,Thicket,2,1.367454245,6.2355,0.085833333,1.376526876
SID_INE,T24,old,up,Thicket,1,2.257747988,12.39081818,0.264363636,2.133544633
SID_INE,T24,old,up,Thicket,2,0.396410915,8.427083333,0.040583333,0.4815822
SID_INE,T24,young,up,Thicket,1,2.582255669,13.7946,0.2804,2.032679454
SID_INE,T24,young,up,Thicket,2,0.234658698,7.026357143,0.017857143,0.254145107
SPI_AFR,F3,old,low,Forest,2,1.813432282,9.312,0.161,1.72895189
SPI_AFR,F3,old,up,Forest,2,3.342346726,7.715142857,0.218571429,2.833018553
SPI_AFR,F3,young,up,Forest,1,0.442845305,4.232425532,0.015659574,0.369990549
SPI_AFR,F3,young,up,Forest,3,8.226632352,4.6895,0.43275,9.228062693
SPI_AFR,S53,old,low,Savanna,1,0.186325161,3.2165,0.005666667,0.176174931
SPI_AFR,S53,old,low,Savanna,2,1.9321092,5.3908,0.133,2.467166283
SPI_AFR,S53,old,low,Savanna,3,4.867048696,0.8374,0.0378,4.513971818
SPI_AFR,S53,old,up,Savanna,1,0.706028273,4.100210526,0.027,0.658502773
SPI_AFR,S53,old,up,Savanna,2,0.630047667,7.056636364,0.042909091,0.608067197
SPI_AFR,S53,old,up,Savanna,3,3.631372667,0.751,0.030071429,4.004184896
SPI_AFR,S53,young,up,Savanna,1,0.908326667,3.025846154,0.023230769,0.76774456
SPI_AFR,S53,young,up,Savanna,2,0.705367682,4.325727273,0.022909091,0.529600908
SPI_AFR,S53,young,up,Savanna,3,0.643280299,0.608466667,0.003666667,0.602607648
SPI_AFR,T13,old,up,Thicket,1,0.150502911,4.548888889,0.006972222,0.153273083
SPI_AFR,T13,old,up,Thicket,2,3.556380029,4.712939394,0.117151515,2.485742026
SPI_AFR,T13,old,up,Thicket,3,0.150457835,4.531263158,0.006236842,0.137640254
SPI_AFR,T17,old,low,Thicket,1,0.043917218,6.531,0.003,0.045934773
SPI_AFR,T17,old,low,Thicket,3,0.109261557,5.676,0.005083333,0.089558374
SPI_AFR,T17,old,up,Thicket,1,0.021477265,7.9945,0.0019,0.023766339
SPI_AFR,T17,old,up,Thicket,2,0.012753344,5.9225,7.50E-04,0.012663571
SPI_AFR,T17,old,up,Thicket,3,0.014113497,6.56125,8.33E-04,0.012700832
SPI_AFR,T17,young,up,Thicket,1,0,0.923,0,0
SPI_AFR,T17,young,up,Thicket,2,0.610087451,3.529923077,0.025807692,0.731112031
SPI_AFR,T17,young,up,Thicket,3,0.004789272,4.1094,2.00E-04,0.004866891
SPI_AFR,T22,old,low,Thicket,1,0.050157955,7.792,0.004,0.051334702
SPI_AFR,T22,old,low,Thicket,2,0.016964658,7.222166667,0.001166667,0.01615397
SPI_AFR,T22,old,low,Thicket,3,0.019321087,8.2182,0.0016,0.019468983
SPI_AFR,T22,old,up,Thicket,1,0.010291998,8.753944444,8.89E-04,0.010154153
SPI_AFR,T22,old,up,Thicket,2,0.196156205,8.03605,0.01525,0.18976985
SPI_AFR,T22,old,up,Thicket,3,0.561287693,9.986375,0.058875,0.589553266
SPI_AFR,T22,young,up,Thicket,3,0.250360238,4.14475,0.0075,0.180951807
SPI_AFR,T9,old,low,Thicket,3,0.034805549,5.845,0.002,0.03421728
SPI_AFR,T9,old,up,Thicket,1,0.041584277,5.362222222,0.002111111,0.039370079
SPI_AFR,T9,old,up,Thicket,2,0.139985499,5.025,0.006695652,0.133246809
SPI_AFR,T9,old,up,Thicket,3,0.188223224,5.324481481,0.009851852,0.185029319
SPI_AFR,T9,young,up,Thicket,1,0.055275146,5.777941176,0.003352941,0.058030033
SPI_AFR,T9,young,up,Thicket,2,0.531216612,4.127076923,0.027384615,0.663535376
