species,site,herbivory_type,habitat,individual,herbivory_percentage_median,herbivory_percentage_mean,herbratio
ACA_ROB,F7,sap_min_perc,Forest,1,0,0,1e-4
ACA_ROB,F7,sap_min_perc,Forest,2,0,0.44112554114999997,0.0045112554115
ACA_ROB,F7,chew_perc,Forest,1,0,0.2717578259411765,0.0028175782594117645
ACA_ROB,F7,chew_perc,Forest,2,0,0,1e-4
ACA_ROB,S13,sap_min_perc,Savanna,1,0,0,1e-4
ACA_ROB,S13,sap_min_perc,Savanna,2,0,0,1e-4
ACA_ROB,S13,chew_perc,Savanna,1,0,3.5178401843888887,0.03527840184388889
ACA_ROB,S13,chew_perc,Savanna,2,0,0.4835304054,0.004935304054
ACA_ROB,S20,sap_min_perc,Savanna,1,0,0,1e-4
ACA_ROB,S20,sap_min_perc,Savanna,2,0,0,1e-4
ACA_ROB,S20,chew_perc,Savanna,1,0,0.3795515025245902,0.0038955150252459017
ACA_ROB,S20,chew_perc,Savanna,2,0,0,1e-4
ACA_ROB,S21,sap_min_perc,Savanna,1,0,0,1e-4
ACA_ROB,S21,sap_min_perc,Savanna,2,0,0,1e-4
ACA_ROB,S21,chew_perc,Savanna,1,0,0.02765780689583333,3.765780689583333e-4
ACA_ROB,S21,chew_perc,Savanna,2,0,0.05772303339215686,6.772303339215687e-4
ACA_ROB,S52,sap_min_perc,Savanna,1,0,0,1e-4
ACA_ROB,S52,sap_min_perc,Savanna,2,0,0,1e-4
ACA_ROB,S52,sap_min_perc,Savanna,3,0,0,1e-4
ACA_ROB,S52,chew_perc,Savanna,1,0,5.132371965652174,0.051423719656521746
ACA_ROB,S52,chew_perc,Savanna,2,1.015690325,6.519871854217391,0.06529871854217391
ACA_ROB,S52,chew_perc,Savanna,3,0,1.3392997716,0.013492997715999999
ACA_ROB,S53,sap_min_perc,Savanna,1,0,0.3966103649090909,0.004066103649090909
ACA_ROB,S53,sap_min_perc,Savanna,2,0,1.1717171717333332,0.011817171717333331
ACA_ROB,S53,sap_min_perc,Savanna,3,0,0.9132584485624999,0.009232584485624999
ACA_ROB,S53,chew_perc,Savanna,1,0,0.4459594238181818,0.004559594238181818
ACA_ROB,S53,chew_perc,Savanna,2,0,0.3370998116666667,0.0034709981166666667
ACA_ROB,S53,chew_perc,Savanna,3,0,0.1077586206875,0.001177586206875
ACA_ROB,T23,sap_min_perc,Thicket,1,0,0.3105990040769231,0.0032059900407692306
ACA_ROB,T23,sap_min_perc,Thicket,2,0,0.12515644552941177,0.0013515644552941177
ACA_ROB,T23,sap_min_perc,Thicket,3,0,0.70771764325,0.0071771764325
ACA_ROB,T23,chew_perc,Thicket,1,0,1.4147356854615385,0.014247356854615385
ACA_ROB,T23,chew_perc,Thicket,2,0,0.10504201682352941,0.0011504201682352943
ACA_ROB,T23,chew_perc,Thicket,3,1.515151515,3.212493902416667,0.03222493902416667
ACA_ROB,T24,sap_min_perc,Thicket,1,0,1.6438474607,0.016538474607
ACA_ROB,T24,sap_min_perc,Thicket,2,0,0.4487179487,0.0045871794870000005
ACA_ROB,T24,sap_min_perc,Thicket,3,0,0.11950549448,0.0012950549448
ACA_ROB,T24,chew_perc,Thicket,1,0,0.20180180179999999,0.0021180180179999997
ACA_ROB,T24,chew_perc,Thicket,2,0,0.8681262056000001,0.008781262056
ACA_ROB,T24,chew_perc,Thicket,3,0,0.28072692492,0.0029072692492
EUC_RAC,F3,sap_min_perc,Forest,1,0.011194945000000001,0.13441505415000002,0.0014441505415000002
EUC_RAC,F3,sap_min_perc,Forest,2,0.0238499275,0.14349672575,0.0015349672575
EUC_RAC,F3,sap_min_perc,Forest,3,0,0,1e-4
EUC_RAC,F3,chew_perc,Forest,1,0.07719469649999999,1.545174322625,0.015551743226250001
EUC_RAC,F3,chew_perc,Forest,2,0.052321949500000006,0.29822593395,0.0030822593395
EUC_RAC,F3,chew_perc,Forest,3,0.221013261,5.549972365842105,0.05559972365842106
EUC_RAC,F7,sap_min_perc,Forest,1,0.022776221,0.24287444427777777,0.0025287444427777774
EUC_RAC,F7,sap_min_perc,Forest,2,0,0.12665654855882388,0.0013665654855882388
EUC_RAC,F7,sap_min_perc,Forest,3,0,0.32673166452941266,0.0033673166452941263
EUC_RAC,F7,chew_perc,Forest,1,0.113303756,4.720174199888889,0.04730174199888889
EUC_RAC,F7,chew_perc,Forest,2,0.13068351,2.4417955733235295,0.024517955733235293
EUC_RAC,F7,chew_perc,Forest,3,0.006859652,0.24292110470588235,0.0025292110470588234
EUC_RAC,S1,sap_min_perc,Savanna,1,0.0435841055,0.7147633931999999,0.007247633932
EUC_RAC,S1,chew_perc,Savanna,1,0.025419959,0.3475040658333333,0.003575040658333333
EUC_RAC,S13,sap_min_perc,Savanna,1,0,1.3134226765714285,0.013234226765714285
EUC_RAC,S13,sap_min_perc,Savanna,2,0.088652482,1.7102334374444446,0.017202334374444444
EUC_RAC,S13,chew_perc,Savanna,1,0.074571216,8.8395633038,0.08849563303800001
EUC_RAC,S13,chew_perc,Savanna,2,0.057553957,0.6724347296296296,0.006824347296296296
EUC_RAC,S20,sap_min_perc,Savanna,1,0,0.10060594290322766,0.0011060594290322767
EUC_RAC,S20,sap_min_perc,Savanna,2,0.018834253500000002,0.3819535241764706,0.003919535241764706
EUC_RAC,S20,sap_min_perc,Savanna,3,0,0.277693963,0.00287693963
EUC_RAC,S20,chew_perc,Savanna,1,0.019853087,0.3857097532258064,0.003957097532258065
EUC_RAC,S20,chew_perc,Savanna,2,0.045576290500000005,1.1831651693235294,0.011931651693235294
EUC_RAC,S20,chew_perc,Savanna,3,0,0.7032037740909091,0.007132037740909091
EUC_RAC,S21,sap_min_perc,Savanna,1,0.028442866,1.3772462005625004,0.013872462005625003
EUC_RAC,S21,chew_perc,Savanna,1,0.02790257,1.01898230103125,0.0102898230103125
EUC_RAC,S22,sap_min_perc,Savanna,1,0.348374819,1.8599846654411776,0.018699846654411774
EUC_RAC,S22,chew_perc,Savanna,1,0.0793655775,1.5218292819411765,0.015318292819411765
EUC_RAC,S27,sap_min_perc,Savanna,1,0.056253516,0.2732375116451613,0.002832375116451613
EUC_RAC,S27,chew_perc,Savanna,1,0,0.6812915343548387,0.006912915343548387
EUC_RAC,S30,sap_min_perc,Savanna,1,0.024055809,1.1934167444193562,0.01203416744419356
EUC_RAC,S30,sap_min_perc,Savanna,2,0.029989016,1.2348022600312505,0.012448022600312504
EUC_RAC,S30,sap_min_perc,Savanna,3,0.0331785,0.1417747772580645,0.0015177477725806451
EUC_RAC,S30,chew_perc,Savanna,1,0.031575624,2.4042226816451615,0.024142226816451614
EUC_RAC,S30,chew_perc,Savanna,2,0.0264794735,1.234713199875,0.01244713199875
EUC_RAC,S30,chew_perc,Savanna,3,0.033068783,2.436749763548387,0.024467497635483868
EUC_RAC,S53,sap_min_perc,Savanna,1,0.038629984000000006,0.9409070024285715,0.009509070024285714
EUC_RAC,S53,sap_min_perc,Savanna,2,0.018818216,0.9613279008571429,0.009713279008571428
EUC_RAC,S53,sap_min_perc,Savanna,3,0.062735257,1.6848748235142856,0.016948748235142856
EUC_RAC,S53,chew_perc,Savanna,1,0.0360661045,1.2283852466071428,0.012383852466071427
EUC_RAC,S53,chew_perc,Savanna,2,0.022084806,0.5734007800952381,0.005834007800952381
EUC_RAC,S53,chew_perc,Savanna,3,0.067957866,1.6567184372,0.016667184372
EUC_RAC,S58,sap_min_perc,Savanna,1,0.0508114875,1.8167476619761904,0.018267476619761903
EUC_RAC,S58,sap_min_perc,Savanna,2,0.028725369,2.9832653944166667,0.029932653944166665
EUC_RAC,S58,sap_min_perc,Savanna,3,0,2.664081202526316,0.02674081202526316
EUC_RAC,S58,chew_perc,Savanna,1,0.044372145,1.1425075848095239,0.011525075848095237
EUC_RAC,S58,chew_perc,Savanna,2,0.0278901395,1.6626211400833335,0.016726211400833333
EUC_RAC,S58,chew_perc,Savanna,3,0.018702076,2.6402368221052632,0.026502368221052633
EUC_RAC,S8,sap_min_perc,Savanna,1,1.726726727,5.015644449234043,0.05025644449234043
EUC_RAC,S8,sap_min_perc,Savanna,2,0.84084816,3.4292313284857143,0.034392313284857146
EUC_RAC,S8,sap_min_perc,Savanna,3,0.96735118,5.454264685708334,0.054642646857083345
EUC_RAC,S8,chew_perc,Savanna,1,0.314341847,6.781703870808511,0.06791703870808512
EUC_RAC,S8,chew_perc,Savanna,2,0.206568891,3.4659008463142857,0.03475900846314286
EUC_RAC,S8,chew_perc,Savanna,3,1.0888656065,4.662942660625,0.046729426606250006
EUC_RAC,T12,sap_min_perc,Thicket,1,0,0,1e-4
EUC_RAC,T12,sap_min_perc,Thicket,2,0,0,1e-4
EUC_RAC,T12,sap_min_perc,Thicket,3,0.022119,1.934750860764706,0.01944750860764706
EUC_RAC,T12,chew_perc,Thicket,1,0.013609145,3.5930174782857143,0.036030174782857145
EUC_RAC,T12,chew_perc,Thicket,2,0.018014772,0.02141527536,3.141527536e-4
EUC_RAC,T12,chew_perc,Thicket,3,0.389105058,2.575246534117647,0.025852465341176467
EUC_RAC,T13,sap_min_perc,Thicket,1,0.052943668,3.1225035933529415,0.031325035933529415
EUC_RAC,T13,sap_min_perc,Thicket,2,0,1.48220206924,0.0149220206924
EUC_RAC,T13,sap_min_perc,Thicket,3,0,3.9671208745454547,0.03977120874545455
EUC_RAC,T13,chew_perc,Thicket,1,3.203230148,6.053937450941176,0.060639374509411766
EUC_RAC,T13,chew_perc,Thicket,2,4.68650032,7.15244084808,0.07162440848080001
EUC_RAC,T13,chew_perc,Thicket,3,1.8470183415,9.142876812181818,0.09152876812181818
EUC_RAC,T17,sap_min_perc,Thicket,1,0,0.1145355191200006,0.001245355191200006
EUC_RAC,T17,sap_min_perc,Thicket,2,0,0.2339771549117647,0.002439771549117647
EUC_RAC,T17,sap_min_perc,Thicket,3,0,0.10926884064999999,0.0011926884065
EUC_RAC,T17,chew_perc,Thicket,1,0.054171181,0.3504931108,0.003604931108
EUC_RAC,T17,chew_perc,Thicket,2,0.667963421,5.1881589315,0.05198158931500001
EUC_RAC,T17,chew_perc,Thicket,3,9.382194339000002,13.2253700668,0.13235370066799998
EUC_RAC,T22,sap_min_perc,Thicket,1,0.14147715649999998,1.6268045599,0.016368045599
EUC_RAC,T22,sap_min_perc,Thicket,2,1.658977128,5.39081387726087,0.0540081387726087
EUC_RAC,T22,sap_min_perc,Thicket,3,0,1.1149757459354839,0.011249757459354838
EUC_RAC,T22,chew_perc,Thicket,1,0.0566998395,4.173358532333333,0.04183358532333334
EUC_RAC,T22,chew_perc,Thicket,2,1.168155492,4.5963161436521744,0.04606316143652175
EUC_RAC,T22,chew_perc,Thicket,3,0.020116677,1.511866649967742,0.01521866649967742
EUC_RAC,T23,sap_min_perc,Thicket,1,0,0,1e-4
EUC_RAC,T23,sap_min_perc,Thicket,2,0,0,1e-4
EUC_RAC,T23,sap_min_perc,Thicket,3,0,0,1e-4
EUC_RAC,T23,chew_perc,Thicket,1,0,0.4756982611304348,0.004856982611304348
EUC_RAC,T23,chew_perc,Thicket,2,0,0.37575231087878785,0.0038575231087878783
EUC_RAC,T23,chew_perc,Thicket,3,0,0.04403013174468085,5.403013174468085e-4
EUC_RAC,T24,sap_min_perc,Thicket,1,0,0,1e-4
EUC_RAC,T24,sap_min_perc,Thicket,2,0,0,1e-4
EUC_RAC,T24,sap_min_perc,Thicket,3,0,0,1e-4
EUC_RAC,T24,chew_perc,Thicket,1,0,0.8337555297428572,0.00843755529742857
EUC_RAC,T24,chew_perc,Thicket,2,0,0.23767111776363636,0.0024767111776363634
EUC_RAC,T24,chew_perc,Thicket,3,0,1.655631073081081,0.016656310730810808
EUC_RAC,T9,sap_min_perc,Thicket,1,0.0266189125,0.17437331275,0.0018437331275
EUC_RAC,T9,sap_min_perc,Thicket,2,0.040005494,1.2273627549615385,0.012373627549615384
EUC_RAC,T9,chew_perc,Thicket,1,0.123128008,2.9704290239583333,0.029804290239583333
EUC_RAC,T9,chew_perc,Thicket,2,0.359777802,2.872519797423077,0.02882519797423077
GYM_HAR,F2,sap_min_perc,Forest,1,0,0.18692009818518518,0.001969200981851852
GYM_HAR,F2,chew_perc,Forest,1,0.037869225,1.12537226,0.0113537226
GYM_HAR,F3,sap_min_perc,Forest,1,0,0,1e-4
GYM_HAR,F3,sap_min_perc,Forest,2,0.0526551595,0.21911828425,0.0022911828424999996
GYM_HAR,F3,chew_perc,Forest,1,3.1729250254999997,11.664885324470587,0.11674885324470588
GYM_HAR,F3,chew_perc,Forest,2,2.341336633,7.295238743571429,0.0730523874357143
GYM_HAR,F4,sap_min_perc,Forest,1,0.020706169,1.4386625128461543,0.014486625128461543
GYM_HAR,F4,sap_min_perc,Forest,2,0.3560541325,0.5727638835555555,0.005827638835555556
GYM_HAR,F4,chew_perc,Forest,1,0.029951331499999997,0.9930883003461538,0.010030883003461537
GYM_HAR,F4,chew_perc,Forest,2,5.0142943185,8.6470417115,0.086570417115
GYM_HAR,F5,sap_min_perc,Forest,1,0,0,1e-4
GYM_HAR,F5,sap_min_perc,Forest,2,0,0,1e-4
GYM_HAR,F5,sap_min_perc,Forest,3,0,0,1e-4
GYM_HAR,F5,chew_perc,Forest,1,2.8783874975000003,13.0745831717,0.13084583171699998
GYM_HAR,F5,chew_perc,Forest,2,3.160808026,13.210083559916667,0.13220083559916665
GYM_HAR,F5,chew_perc,Forest,3,2.887379148,10.360403708047619,0.1037040370804762
GYM_HAR,F6,sap_min_perc,Forest,1,0,0,1e-4
GYM_HAR,F6,sap_min_perc,Forest,2,0,0,1e-4
GYM_HAR,F6,chew_perc,Forest,1,6.287602746,9.03538098596,0.0904538098596
GYM_HAR,F6,chew_perc,Forest,2,5.756139883,14.437126323304348,0.14447126323304346
GYM_HAR,F7,sap_min_perc,Forest,1,0.1595624445,5.986878530090909,0.05996878530090909
GYM_HAR,F7,sap_min_perc,Forest,2,2.2766465965,5.60039308884375,0.0561039308884375
GYM_HAR,F7,sap_min_perc,Forest,3,0,0,1e-4
GYM_HAR,F7,chew_perc,Forest,1,0.07148745249999999,7.61767861275,0.0762767861275
GYM_HAR,F7,chew_perc,Forest,2,1.5356610375,6.79881695403125,0.06808816954031251
GYM_HAR,F7,chew_perc,Forest,3,0.0410027565,1.7618694645952382,0.017718694645952382
GYM_HAR,S20,sap_min_perc,Savanna,1,0.025562382,2.3426758813333333,0.023526758813333333
GYM_HAR,S20,chew_perc,Savanna,1,0.034864348,2.1475299339444445,0.021575299339444444
GYM_HAR,S30,sap_min_perc,Savanna,1,0.041904404,2.199665961500001,0.02209665961500001
GYM_HAR,S30,sap_min_perc,Savanna,2,2.11e-14,0.9376614941142871,0.00947661494114287
GYM_HAR,S30,sap_min_perc,Savanna,3,0.094517958,3.091093573655172,0.031010935736551722
GYM_HAR,S30,chew_perc,Savanna,1,0.0555808785,2.818816127529412,0.02828816127529412
GYM_HAR,S30,chew_perc,Savanna,2,0.074626866,2.0663750091999997,0.020763750091999995
GYM_HAR,S30,chew_perc,Savanna,3,0.699953336,13.32047595851724,0.1333047595851724
GYM_HAR,S52,sap_min_perc,Savanna,1,0,0,1e-4
GYM_HAR,S52,sap_min_perc,Savanna,2,0,0,1e-4
GYM_HAR,S52,chew_perc,Savanna,1,0,2.050914638375,0.02060914638375
GYM_HAR,S52,chew_perc,Savanna,2,0.074019245,4.085320953953488,0.040953209539534886
GYM_HAR,S53,sap_min_perc,Savanna,1,0.047774711,0.467175041,0.00477175041
GYM_HAR,S53,sap_min_perc,Savanna,2,0,0.16032395924324325,0.0017032395924324326
GYM_HAR,S53,sap_min_perc,Savanna,3,0.183192085,1.6847299934210527,0.016947299934210527
GYM_HAR,S53,chew_perc,Savanna,1,0.055680133,0.425323102375,0.00435323102375
GYM_HAR,S53,chew_perc,Savanna,2,0.046168052,0.9297382032162163,0.009397382032162161
GYM_HAR,S53,chew_perc,Savanna,3,0.106949084,1.7421643194210525,0.017521643194210526
GYM_HAR,S58,sap_min_perc,Savanna,1,0.070278143,1.8574719922954546,0.018674719922954545
GYM_HAR,S58,sap_min_perc,Savanna,2,0.098087298,2.4079419847317074,0.024179419847317075
GYM_HAR,S58,chew_perc,Savanna,1,0.0861370835,1.8081545757500002,0.0181815457575
GYM_HAR,S58,chew_perc,Savanna,2,0.088495575,2.306028346219512,0.02316028346219512
GYM_HAR,T12,sap_min_perc,Thicket,1,0,0.042630503934782606,5.263050393478261e-4
GYM_HAR,T12,sap_min_perc,Thicket,2,0,0.15888003857142857,0.0016888003857142857
GYM_HAR,T12,sap_min_perc,Thicket,3,0,0.014689699594594595,2.4689699594594597e-4
GYM_HAR,T12,chew_perc,Thicket,1,0.093110452,3.7910308215,0.038010308215000004
GYM_HAR,T12,chew_perc,Thicket,2,0.030358227,3.2710088189183675,0.03281008818918368
GYM_HAR,T12,chew_perc,Thicket,3,1.989225031,4.355844187189189,0.04365844187189189
GYM_HAR,T13,sap_min_perc,Thicket,1,4.11509901,8.203935072878048,0.08213935072878048
GYM_HAR,T13,sap_min_perc,Thicket,2,0.438191882,3.4369340253023255,0.034469340253023256
GYM_HAR,T13,sap_min_perc,Thicket,3,0.804661487,4.219648909558139,0.0422964890955814
GYM_HAR,T13,chew_perc,Thicket,1,2.259290541,6.356271206951219,0.0636627120695122
GYM_HAR,T13,chew_perc,Thicket,2,0.178253119,4.1648945942093025,0.04174894594209303
GYM_HAR,T13,chew_perc,Thicket,3,0.348634515,10.104426838,0.10114426838
GYM_HAR,T17,sap_min_perc,Thicket,1,0,0.07024938531034483,8.024938531034484e-4
GYM_HAR,T17,sap_min_perc,Thicket,2,0,0.4311428922285722,0.004411428922285723
GYM_HAR,T17,chew_perc,Thicket,1,0.486650007,2.439322965,0.02449322965
GYM_HAR,T17,chew_perc,Thicket,2,5.652378709,10.740791607114286,0.10750791607114286
GYM_HAR,T22,sap_min_perc,Thicket,1,0,0,1e-4
GYM_HAR,T22,sap_min_perc,Thicket,2,0,0,1e-4
GYM_HAR,T22,sap_min_perc,Thicket,3,0,0,1e-4
GYM_HAR,T22,chew_perc,Thicket,1,7.151415777,12.7775046451,0.127875046451
GYM_HAR,T22,chew_perc,Thicket,2,1.306729367,8.5931312285,0.08603131228500001
GYM_HAR,T22,chew_perc,Thicket,3,0.28894026899999997,2.9632451418461536,0.029732451418461536
GYM_HAR,T23,sap_min_perc,Thicket,1,0,0,1e-4
GYM_HAR,T23,sap_min_perc,Thicket,2,0,0,1e-4
GYM_HAR,T23,sap_min_perc,Thicket,3,0,0,1e-4
GYM_HAR,T23,chew_perc,Thicket,1,0.170285228,2.163756807369863,0.021737568073698633
GYM_HAR,T23,chew_perc,Thicket,2,0.1584567335,1.25979873358,0.0126979873358
GYM_HAR,T23,chew_perc,Thicket,3,0.051606868,2.593055186325,0.026030551863249998
GYM_HAR,T24,sap_min_perc,Thicket,1,0.0241739955,2.8837484473125,0.028937484473125
GYM_HAR,T24,sap_min_perc,Thicket,2,1.105379513,5.892969569232559,0.05902969569232559
GYM_HAR,T24,sap_min_perc,Thicket,3,0,0,1e-4
GYM_HAR,T24,chew_perc,Thicket,1,0.037876343,3.2566120504166665,0.03266612050416667
GYM_HAR,T24,chew_perc,Thicket,2,4.540983607,8.407852936604652,0.08417852936604651
GYM_HAR,T24,chew_perc,Thicket,3,3.271052104,8.272117344409091,0.08282117344409091
KRA_FLO,F1,sap_min_perc,Forest,1,0,0.83712483075,0.0084712483075
KRA_FLO,F1,sap_min_perc,Forest,2,0,0,1e-4
KRA_FLO,F1,chew_perc,Forest,1,0.029493432,0.1866450185,0.001966450185
KRA_FLO,F1,chew_perc,Forest,2,0.553061879,3.7676113454705877,0.03777611345470588
KRA_FLO,F2,sap_min_perc,Forest,1,0,0.1384349996521739,0.001484349996521739
KRA_FLO,F2,sap_min_perc,Forest,2,0,3.4408552037391305,0.03450855203739131
KRA_FLO,F2,chew_perc,Forest,1,1.332004825,6.318419969695652,0.06328419969695652
KRA_FLO,F2,chew_perc,Forest,2,2.048629074,7.339198824434782,0.07349198824434783
KRA_FLO,F7,sap_min_perc,Forest,1,0,0,1e-4
KRA_FLO,F7,chew_perc,Forest,1,3.201729552,15.93291412672,0.15942914126719998
KRA_FLO,S10,sap_min_perc,Savanna,1,12.497462887,15.565103773125,0.15575103773124999
KRA_FLO,S10,sap_min_perc,Savanna,2,4.397869782,10.993972413380952,0.11003972413380952
KRA_FLO,S10,sap_min_perc,Savanna,3,6.100292952,8.05880746847826,0.0806880746847826
KRA_FLO,S10,chew_perc,Savanna,1,2.6328346455,7.141595686625,0.07151595686625001
KRA_FLO,S10,chew_perc,Savanna,2,9.006695405,15.112337719571428,0.15122337719571427
KRA_FLO,S10,chew_perc,Savanna,3,2.757194555,4.98369688473913,0.0499369688473913
KRA_FLO,S13,sap_min_perc,Savanna,1,0.3332935465,0.7381270457727273,0.007481270457727273
KRA_FLO,S13,sap_min_perc,Savanna,2,0.488826816,2.62665245732,0.0263665245732
KRA_FLO,S13,sap_min_perc,Savanna,3,0.127080951,0.25181945608,0.0026181945607999997
KRA_FLO,S13,chew_perc,Savanna,1,0.165269612,0.3117587704545455,0.0032175877045454546
KRA_FLO,S13,chew_perc,Savanna,2,0.158067066,1.16614631432,0.011761463143199999
KRA_FLO,S13,chew_perc,Savanna,3,0.108770889,0.20067073836,0.0021067073835999996
KRA_FLO,S22,sap_min_perc,Savanna,1,0.5895643850000001,1.156818497625,0.011668184976249999
KRA_FLO,S22,sap_min_perc,Savanna,2,0.08183631999999999,1.2954540663125,0.013054540663125
KRA_FLO,S22,sap_min_perc,Savanna,3,0.125553426,0.7251280583478278,0.007351280583478278
KRA_FLO,S22,chew_perc,Savanna,1,2.3470926175,6.243067593708333,0.06253067593708334
KRA_FLO,S22,chew_perc,Savanna,2,0.3300833305,3.11286713475,0.0312286713475
KRA_FLO,S22,chew_perc,Savanna,3,0.028449502,0.22159418326086955,0.0023159418326086953
KRA_FLO,S25,sap_min_perc,Savanna,1,0.473831736,4.8823551348076935,0.04892355134807694
KRA_FLO,S25,chew_perc,Savanna,1,2.1989581874999997,6.799948424846154,0.06809948424846154
KRA_FLO,S27,sap_min_perc,Savanna,1,0.042785325,0.35245390926666664,0.0036245390926666664
KRA_FLO,S27,chew_perc,Savanna,1,0.027023897,0.095973502,0.00105973502
KRA_FLO,S30,sap_min_perc,Savanna,1,0.162805886,1.0952812737000006,0.011052812737000005
KRA_FLO,S30,chew_perc,Savanna,1,0.1165578025,2.878500476766667,0.02888500476766667
KRA_FLO,S8,sap_min_perc,Savanna,1,0.907715582,1.6857914550869566,0.016957914550869566
KRA_FLO,S8,chew_perc,Savanna,1,0.879680537,1.598770365,0.01608770365
KRA_FLO,T12,sap_min_perc,Thicket,1,0,0,1e-4
KRA_FLO,T12,chew_perc,Thicket,1,0.013577733,3.661425093631579,0.03671425093631579
KRA_FLO,T22,sap_min_perc,Thicket,1,0,0,1e-4
KRA_FLO,T22,sap_min_perc,Thicket,2,0.044444009,5.002410639535714,0.050124106395357144
KRA_FLO,T22,sap_min_perc,Thicket,3,0,0,1e-4
KRA_FLO,T22,chew_perc,Thicket,1,0.045927482,0.3139814791153846,0.0032398147911538457
KRA_FLO,T22,chew_perc,Thicket,2,3.9630421904999995,10.28299256525,0.1029299256525
KRA_FLO,T22,chew_perc,Thicket,3,1.408538486,4.5404620677058825,0.04550462067705883
KRA_FLO,T23,sap_min_perc,Thicket,1,0,0,1e-4
KRA_FLO,T23,sap_min_perc,Thicket,2,0,0,1e-4
KRA_FLO,T23,sap_min_perc,Thicket,3,0,0,1e-4
KRA_FLO,T23,chew_perc,Thicket,1,0.646581965,1.3672570154444446,0.013772570154444445
KRA_FLO,T23,chew_perc,Thicket,2,0.438796444,2.9535477775882355,0.029635477775882355
KRA_FLO,T23,chew_perc,Thicket,3,0.3192630125,2.5055017533636366,0.025155017533636366
KRA_FLO,T24,sap_min_perc,Thicket,1,0,0,1e-4
KRA_FLO,T24,sap_min_perc,Thicket,2,0,0,1e-4
KRA_FLO,T24,sap_min_perc,Thicket,3,0,0,1e-4
KRA_FLO,T24,chew_perc,Thicket,1,10.4227025275,13.50562241545,0.1351562241545
KRA_FLO,T24,chew_perc,Thicket,2,0.014427932,0.6753671484347826,0.006853671484347826
KRA_FLO,T24,chew_perc,Thicket,3,0.030171603999999998,1.6089671347272727,0.016189671347272727
SCU_MYR,F3,sap_min_perc,Forest,1,0,0,1e-4
SCU_MYR,F3,sap_min_perc,Forest,2,0,0,1e-4
SCU_MYR,F3,sap_min_perc,Forest,3,0,0,1e-4
SCU_MYR,F3,chew_perc,Forest,1,0.298593953,2.6593212433684212,0.02669321243368421
SCU_MYR,F3,chew_perc,Forest,2,0.0932266955,1.38623137778125,0.0139623137778125
SCU_MYR,F3,chew_perc,Forest,3,0.108342362,1.5316403579365079,0.015416403579365079
SCU_MYR,F5,sap_min_perc,Forest,1,0,0,1e-4
SCU_MYR,F5,sap_min_perc,Forest,2,0,0,1e-4
SCU_MYR,F5,sap_min_perc,Forest,3,0,0,1e-4
SCU_MYR,F5,chew_perc,Forest,1,0.019614606,3.3372528507499997,0.0334725285075
SCU_MYR,F5,chew_perc,Forest,2,1.125244618,3.49387125888,0.0350387125888
SCU_MYR,F5,chew_perc,Forest,3,3.14084507,4.792955473809523,0.04802955473809523
SCU_MYR,F7,sap_min_perc,Forest,1,0,0.0012104744883730024,1.1210474488373002e-4
SCU_MYR,F7,sap_min_perc,Forest,2,0,0,1e-4
SCU_MYR,F7,sap_min_perc,Forest,3,0,0.12287756926470622,0.0013287756926470622
SCU_MYR,F7,chew_perc,Forest,1,0.957995578,8.598573594441861,0.08608573594441861
SCU_MYR,F7,chew_perc,Forest,2,0.2025803035,9.311887588916667,0.09321887588916668
SCU_MYR,F7,chew_perc,Forest,3,0.0313710875,9.325621037941177,0.09335621037941177
SCU_MYR,S20,sap_min_perc,Savanna,1,2.7937080095,9.318610645583334,0.09328610645583334
SCU_MYR,S20,sap_min_perc,Savanna,2,0.517538815,2.8737044613870975,0.028837044613870974
SCU_MYR,S20,sap_min_perc,Savanna,3,0.405236908,3.972182591757576,0.039821825917575764
SCU_MYR,S20,chew_perc,Savanna,1,0.961620186,6.919264358972222,0.06929264358972222
SCU_MYR,S20,chew_perc,Savanna,2,3.014570424,7.40539876132258,0.07415398761322581
SCU_MYR,S20,chew_perc,Savanna,3,0,0.7935233086666666,0.008035233086666666
SCU_MYR,S22,sap_min_perc,Savanna,1,1.132686084,2.254704552804878,0.02264704552804878
SCU_MYR,S22,sap_min_perc,Savanna,2,1.028958816,6.377129476150002,0.06387129476150002
SCU_MYR,S22,chew_perc,Savanna,1,12.55033557,15.991595793146342,0.1600159579314634
SCU_MYR,S22,chew_perc,Savanna,2,2.652322319,7.087165482475,0.07097165482475
SCU_MYR,S27,sap_min_perc,Savanna,1,0.816056462,1.5617611823703703,0.015717611823703702
SCU_MYR,S27,sap_min_perc,Savanna,2,0.380096752,3.7620105641463413,0.037720105641463414
SCU_MYR,S27,sap_min_perc,Savanna,3,0.585302406,2.3339844209565217,0.023439844209565217
SCU_MYR,S27,chew_perc,Savanna,1,0.569932224,1.522776012814815,0.015327760128148148
SCU_MYR,S27,chew_perc,Savanna,2,0.637567435,4.148003515292683,0.04158003515292684
SCU_MYR,S27,chew_perc,Savanna,3,1.696596885,6.299950343173913,0.06309950343173913
SCU_MYR,S30,sap_min_perc,Savanna,1,0.772357724,2.9963581695757577,0.030063581695757575
SCU_MYR,S30,sap_min_perc,Savanna,2,0.94426958,2.6619792837419354,0.026719792837419352
SCU_MYR,S30,sap_min_perc,Savanna,3,0.455927052,1.2227254016896552,0.012327254016896551
SCU_MYR,S30,chew_perc,Savanna,1,1.883986118,5.445682418121212,0.054556824181212125
SCU_MYR,S30,chew_perc,Savanna,2,1.264083539,7.977640367516129,0.07987640367516129
SCU_MYR,S30,chew_perc,Savanna,3,0.808332038,2.5221549661034484,0.025321549661034483
SCU_MYR,T23,sap_min_perc,Thicket,1,0,0.22062825905882444,0.0023062825905882443
SCU_MYR,T23,sap_min_perc,Thicket,2,0,0.021372892947368945,3.1372892947368946e-4
SCU_MYR,T23,sap_min_perc,Thicket,3,0,0.10985488898305158,0.001198548889830516
SCU_MYR,T23,chew_perc,Thicket,1,0.041407867,2.540840840156863,0.02550840840156863
SCU_MYR,T23,chew_perc,Thicket,2,0.0866810295,2.935870427,0.029458704269999997
SCU_MYR,T23,chew_perc,Thicket,3,0.051229508,3.698813677966102,0.037088136779661024
SCU_MYR,T24,sap_min_perc,Thicket,1,0,0,1e-4
SCU_MYR,T24,sap_min_perc,Thicket,2,0,0.20739594214814952,0.002173959421481495
SCU_MYR,T24,sap_min_perc,Thicket,3,0,0,1e-4
SCU_MYR,T24,chew_perc,Thicket,1,2.58693298,7.263311468489796,0.07273311468489796
SCU_MYR,T24,chew_perc,Thicket,2,0.0246339785,1.8869295612407406,0.018969295612407407
SCU_MYR,T24,chew_perc,Thicket,3,0.0134682045,0.31755983788636366,0.0032755983788636364
SID_INE,F7,sap_min_perc,Forest,1,0.018739638500000003,5.648880013,0.056588800130000005
SID_INE,F7,sap_min_perc,Forest,2,0,6.169671988947369,0.06179671988947369
SID_INE,F7,chew_perc,Forest,1,0.019113939500000003,8.2494834965,0.082594834965
SID_INE,F7,chew_perc,Forest,2,0.014979029,14.679181738105264,0.14689181738105261
SID_INE,S13,sap_min_perc,Savanna,1,1.20240481,5.0552411216,0.050652411216000004
SID_INE,S13,sap_min_perc,Savanna,2,0.120383037,1.00711005908,0.010171100590799998
SID_INE,S13,sap_min_perc,Savanna,3,1.089577151,6.5936227039999995,0.06603622703999999
SID_INE,S13,chew_perc,Savanna,1,0.095808383,1.67767729364,0.016876772936399997
SID_INE,S13,chew_perc,Savanna,2,0.071182821,0.72408605092,0.0073408605092
SID_INE,S13,chew_perc,Savanna,3,0.324554896,2.8650702310666665,0.028750702310666666
SID_INE,S20,sap_min_perc,Savanna,1,0.0140744405,2.2047715351875,0.022147715351875
SID_INE,S20,sap_min_perc,Savanna,2,0.016289298,2.1103016933846153,0.02120301693384615
SID_INE,S20,chew_perc,Savanna,1,0.095763953,4.0343722811875,0.040443722811875006
SID_INE,S20,chew_perc,Savanna,2,0.013279331,1.7703586562307692,0.01780358656230769
SID_INE,S30,sap_min_perc,Savanna,1,0.521081941,1.1711702982380952,0.011811702982380951
SID_INE,S30,sap_min_perc,Savanna,2,0.530355673,5.949742634611111,0.059597426346111114
SID_INE,S30,chew_perc,Savanna,1,0.224274406,4.476519751333333,0.04486519751333333
SID_INE,S30,chew_perc,Savanna,2,0.9298085825,9.082205961333333,0.09092205961333333
SID_INE,S53,sap_min_perc,Savanna,1,0.0518230675,0.6607642676785714,0.006707642676785715
SID_INE,S53,chew_perc,Savanna,1,0.058341700499999996,0.09857685807142857,0.0010857685807142859
SID_INE,T13,sap_min_perc,Thicket,1,1.484848485,9.313001189347826,0.09323001189347827
SID_INE,T13,sap_min_perc,Thicket,2,14.87255965,16.844811362,0.16854811362
SID_INE,T13,sap_min_perc,Thicket,3,1.454757056,5.095317907411765,0.051053179074117654
SID_INE,T13,chew_perc,Thicket,1,0.720939652,8.456838014304347,0.08466838014304348
SID_INE,T13,chew_perc,Thicket,2,14.24213666,15.503355382923077,0.15513355382923077
SID_INE,T13,chew_perc,Thicket,3,1.276308004,4.93652516682353,0.0494652516682353
SID_INE,T23,sap_min_perc,Thicket,1,0,0,1e-4
SID_INE,T23,sap_min_perc,Thicket,2,0,0,1e-4
SID_INE,T23,sap_min_perc,Thicket,3,0,0,1e-4
SID_INE,T23,chew_perc,Thicket,1,19.433584709999998,18.998542898,0.19008542898
SID_INE,T23,chew_perc,Thicket,2,0.0127823,4.3922317944375004,0.04402231794437501
SID_INE,T23,chew_perc,Thicket,3,0.016679176,7.636767520391304,0.07646767520391304
SID_INE,T24,sap_min_perc,Thicket,1,0,0,1e-4
SID_INE,T24,sap_min_perc,Thicket,2,0,0,1e-4
SID_INE,T24,chew_perc,Thicket,1,0.4122086195,1.88998008605,0.0189998008605
SID_INE,T24,chew_perc,Thicket,2,0.0285699185,0.5077149441875,0.005177149441875
SPI_AFR,F3,sap_min_perc,Forest,1,0,0.12554725193617022,0.0013554725193617022
SPI_AFR,F3,sap_min_perc,Forest,2,2.305634972,2.0404529713333335,0.020504529713333334
SPI_AFR,F3,sap_min_perc,Forest,3,2.1659095959999997,2.0431421517499997,0.020531421517499995
SPI_AFR,F3,chew_perc,Forest,1,0.098554534,0.3172980532340426,0.0032729805323404256
SPI_AFR,F3,chew_perc,Forest,2,0,0.9621349892222223,0.009721349892222222
SPI_AFR,F3,chew_perc,Forest,3,3.6428607755,6.18349020025,0.0619349020025
SPI_AFR,S53,sap_min_perc,Savanna,1,0.0336397855,0.32439720160526314,0.003343972016052631
SPI_AFR,S53,sap_min_perc,Savanna,2,0.021717885,0.6153533441111111,0.0062535334411111115
SPI_AFR,S53,sap_min_perc,Savanna,3,0.380986938,2.2696996008235293,0.02279699600823529
SPI_AFR,S53,chew_perc,Savanna,1,0.058321107999999997,0.36878003034210527,0.0037878003034210526
SPI_AFR,S53,chew_perc,Savanna,2,0.081699346,0.286502761,0.0029650276099999996
SPI_AFR,S53,chew_perc,Savanna,3,0.053361793,0.2251140850882353,0.0023511408508823527
SPI_AFR,T13,sap_min_perc,Thicket,1,0,0.08138735575,9.138735575000001e-4
SPI_AFR,T13,sap_min_perc,Thicket,2,0.089100089,1.864302378848485,0.018743023788484848
SPI_AFR,T13,sap_min_perc,Thicket,3,0.026323762,0.06930070139473685,7.930070139473685e-4
SPI_AFR,T13,chew_perc,Thicket,1,0.0492206185,0.06911555547222223,0.00079115555472222235
SPI_AFR,T13,chew_perc,Thicket,2,0.054220134,1.6920776502727273,0.01702077650272727
SPI_AFR,T13,chew_perc,Thicket,3,0.047938055,0.08115713313157895,9.115713313157895e-4
SPI_AFR,T17,sap_min_perc,Thicket,1,0,0,1e-4
SPI_AFR,T17,sap_min_perc,Thicket,2,0,0,1e-4
SPI_AFR,T17,sap_min_perc,Thicket,3,0.014916468,0.051877483068965516,6.187748306896552e-4
SPI_AFR,T17,chew_perc,Thicket,1,0.013741934,0.032737353125,4.2737353125e-4
SPI_AFR,T17,chew_perc,Thicket,2,0.0167570715,0.5304429029666666,0.005404429029666666
SPI_AFR,T17,chew_perc,Thicket,3,0,0,1e-4
SPI_AFR,T22,sap_min_perc,Thicket,1,0,0,1e-4
SPI_AFR,T22,sap_min_perc,Thicket,2,0,0,1e-4
SPI_AFR,T22,sap_min_perc,Thicket,3,0,0,1e-4
SPI_AFR,T22,chew_perc,Thicket,1,0.01204384,0.02358065022222222,3.358065022222222e-4
SPI_AFR,T22,chew_perc,Thicket,2,0.0127146045,0.15480430923076924,0.0016480430923076924
SPI_AFR,T22,chew_perc,Thicket,3,0.019904459,0.40314597928,0.004131459792800001
SPI_AFR,T9,sap_min_perc,Thicket,1,0,0.007271794285714285,1.7271794285714286e-4
SPI_AFR,T9,sap_min_perc,Thicket,2,0.0371801835,0.1949555789722222,0.002049555789722222
SPI_AFR,T9,sap_min_perc,Thicket,3,0,0,1e-4
SPI_AFR,T9,chew_perc,Thicket,1,0.040700041,0.04096233302857143,5.096233302857143e-4
SPI_AFR,T9,chew_perc,Thicket,2,0.082265862,0.08630782158333333,9.630782158333333e-4
SPI_AFR,T9,chew_perc,Thicket,3,0.037009623,0.16032910133333333,0.0017032910133333334
